Time,load_kw
00:00,94.73
00:01,94.65
00:02,94.61
00:03,94.68
00:04,94.63
00:05,95.46
00:06,95.95
00:07,96.19
00:08,96.12
00:09,95.84
00:10,94.8
00:11,94.3
00:12,94.32
00:13,94.34
00:14,94.28
00:15,94.49
00:16,94.23
00:17,93.79
00:18,93.58
00:19,93.21
00:20,93.13
00:21,93.62
00:22,93.75
00:23,93.7
00:24,94.1
00:25,94.14
00:26,93.89
00:27,94.3
00:28,94.7
00:29,94.79
00:30,94.43
00:31,93.76
00:32,92.63
00:33,92.1
00:34,91.67
00:35,91.67
00:36,91.84
00:37,92.28
00:38,92.84
00:39,93.34
00:40,93.59
00:41,94.07
00:42,94.37
00:43,94.46
00:44,94.8
00:45,95.13
00:46,95.3
00:47,95.55
00:48,95.5
00:49,95.44
00:50,95.72
00:51,96.1
00:52,96.5
00:53,96.81
00:54,96.91
00:55,96.76
00:56,96.63
00:57,95.95
00:58,95.27
00:59,94.58
01:00,93.93
01:01,93.35
01:02,93.06
01:03,92.72
01:04,92.16
01:05,91.82
01:06,91.35
01:07,91.41
01:08,91.36
01:09,91.7
01:10,91.87
01:11,92.25
01:12,92.02
01:13,91.95
01:14,91.97
01:15,91.97
01:16,91.45
01:17,91.05
01:18,90.87
01:19,90.3
01:20,89.76
01:21,89.21
01:22,88.94
01:23,88.05
01:24,87.36
01:25,86.78
01:26,86.82
01:27,86.52
01:28,86.49
01:29,87.05
01:30,87.1
01:31,86.2
01:32,85.5
01:33,84.88
01:34,83.6
01:35,82.96
01:36,82.98
01:37,82.74
01:38,82.33
01:39,82.41
01:40,82.46
01:41,82.41
01:42,82.95
01:43,83.48
01:44,83.35
01:45,82.9
01:46,82.49
01:47,81.72
01:48,81.22
01:49,81.22
01:50,81.08
01:51,81.3
01:52,81.42
01:53,81.86
01:54,82.23
01:55,82.99
01:56,83.45
01:57,83.98
01:58,84.34
01:59,84.9
02:00,85.33
02:01,85.74
02:02,85.97
02:03,86.38
02:04,86.23
02:05,86.5
02:06,86.54
02:07,86.25
02:08,85.65
02:09,85.11
02:10,84.38
02:11,83.56
02:12,83.07
02:13,82.11
02:14,81.31
02:15,79.77
02:16,78.15
02:17,76.98
02:18,76.58
02:19,76.43
02:20,76.65
02:21,77.22
02:22,77.54
02:23,77.34
02:24,77.42
02:25,77.94
02:26,78.36
02:27,78.74
02:28,79.41
02:29,79.13
02:30,78.6
02:31,77.99
02:32,77.19
02:33,76.34
02:34,76.52
02:35,76.89
02:36,77.25
02:37,77.95
02:38,78.99
02:39,79.7
02:40,80.19
02:41,80.61
02:42,81.01
02:43,81.12
02:44,81.2
02:45,81.41
02:46,82.01
02:47,82.23
02:48,82.66
02:49,82.87
02:50,83.4
02:51,83.45
02:52,84.04
02:53,84.3
02:54,84.32
02:55,83.69
02:56,83.22
02:57,82.47
02:58,81.87
02:59,81.34
03:00,80.98
03:01,81.25
03:02,81.82
03:03,82.31
03:04,82.89
03:05,83.45
03:06,83.58
03:07,83.01
03:08,82.32
03:09,81.28
03:10,80.41
03:11,79.63
03:12,79.06
03:13,79.0
03:14,79.05
03:15,78.63
03:16,78.14
03:17,78.08
03:18,78.05
03:19,78.2
03:20,78.97
03:21,79.59
03:22,79.84
03:23,79.87
03:24,80.17
03:25,79.78
03:26,79.79
03:27,80.19
03:28,80.17
03:29,80.09
03:30,80.52
03:31,80.6
03:32,80.2
03:33,79.82
03:34,79.38
03:35,79.14
03:36,78.99
03:37,78.9
03:38,79.17
03:39,78.71
03:40,78.29
03:41,77.34
03:42,76.49
03:43,75.25
03:44,74.52
03:45,73.86
03:46,73.57
03:47,73.49
03:48,73.68
03:49,74.28
03:50,74.55
03:51,74.59
03:52,74.79
03:53,74.86
03:54,74.42
03:55,73.9
03:56,74.12
03:57,74.29
03:58,74.47
03:59,74.94
04:00,75.39
04:01,75.94
04:02,76.33
04:03,76.87
04:04,77.7
04:05,78.59
04:06,78.82
04:07,78.89
04:08,78.83
04:09,78.52
04:10,78.37
04:11,78.32
04:12,78.5
04:13,78.67
04:14,78.85
04:15,78.35
04:16,78.11
04:17,77.8
04:18,77.8
04:19,77.06
04:20,77.41
04:21,77.47
04:22,77.71
04:23,77.43
04:24,78.05
04:25,77.83
04:26,77.52
04:27,77.44
04:28,77.58
04:29,77.61
04:30,78.12
04:31,78.86
04:32,79.09
04:33,79.44
04:34,80.3
04:35,80.84
04:36,81.27
04:37,81.87
04:38,82.6
04:39,82.96
04:40,83.46
04:41,83.59
04:42,83.84
04:43,83.52
04:44,83.01
04:45,82.22
04:46,81.77
04:47,81.05
04:48,80.77
04:49,80.55
04:50,80.94
04:51,81.43
04:52,81.74
04:53,82.2
04:54,82.82
04:55,82.69
04:56,82.62
04:57,82.82
04:58,82.7
04:59,82.66
05:00,82.91
05:01,83.04
05:02,82.97
05:03,83.01
05:04,82.45
05:05,81.66
05:06,81.34
05:07,80.91
05:08,80.31
05:09,79.54
05:10,79.07
05:11,77.96
05:12,77.59
05:13,77.79
05:14,78.35
05:15,79.59
05:16,81.29
05:17,82.37
05:18,82.49
05:19,83.36
05:20,83.27
05:21,82.58
05:22,82.32
05:23,83.35
05:24,84.09
05:25,85.28
05:26,86.95
05:27,88.45
05:28,89.43
05:29,90.09
05:30,90.61
05:31,90.97
05:32,90.95
05:33,90.72
05:34,90.08
05:35,89.51
05:36,88.82
05:37,88.18
05:38,87.76
05:39,88.21
05:40,88.93
05:41,89.49
05:42,90.07
05:43,90.84
05:44,90.99
05:45,90.89
05:46,91.38
05:47,91.87
05:48,92.16
05:49,92.38
05:50,92.54
05:51,92.66
05:52,92.66
05:53,92.78
05:54,93.25
05:55,93.99
05:56,94.67
05:57,96.05
05:58,97.25
05:59,98.26
06:00,99.09
06:01,99.95
06:02,100.43
06:03,100.87
06:04,101.23
06:05,101.38
06:06,101.06
06:07,101.22
06:08,101.08
06:09,100.97
06:10,100.88
06:11,101.39
06:12,101.37
06:13,102.0
06:14,102.61
06:15,103.42
06:16,103.76
06:17,104.7
06:18,104.97
06:19,105.49
06:20,106.08
06:21,106.94
06:22,107.17
06:23,107.67
06:24,108.09
06:25,108.3
06:26,108.65
06:27,109.59
06:28,110.36
06:29,110.74
06:30,111.12
06:31,111.9
06:32,111.88
06:33,112.43
06:34,113.72
06:35,114.78
06:36,115.28
06:37,116.36
06:38,116.86
06:39,116.88
06:40,116.91
06:41,116.59
06:42,115.76
06:43,114.84
06:44,114.09
06:45,113.41
06:46,113.13
06:47,112.69
06:48,112.7
06:49,112.94
06:50,112.89
06:51,112.9
06:52,113.61
06:53,113.9
06:54,114.39
06:55,115.45
06:56,116.15
06:57,116.49
06:58,117.25
06:59,117.55
07:00,117.88
07:01,118.13
07:02,118.44
07:03,118.24
07:04,118.03
07:05,117.5
07:06,117.08
07:07,116.98
07:08,117.53
07:09,118.2
07:10,118.78
07:11,119.41
07:12,119.99
07:13,120.3
07:14,121.01
07:15,122.04
07:16,123.1
07:17,123.7
07:18,124.25
07:19,124.16
07:20,124.17
07:21,124.38
07:22,124.47
07:23,124.21
07:24,123.57
07:25,122.97
07:26,121.93
07:27,120.68
07:28,119.99
07:29,120.46
07:30,120.77
07:31,121.54
07:32,122.81
07:33,123.85
07:34,124.41
07:35,124.86
07:36,125.14
07:37,125.47
07:38,125.64
07:39,125.83
07:40,126.05
07:41,126.0
07:42,126.04
07:43,126.03
07:44,125.79
07:45,125.64
07:46,125.98
07:47,126.28
07:48,126.79
07:49,127.45
07:50,128.42
07:51,129.16
07:52,129.73
07:53,129.93
07:54,129.66
07:55,129.0
07:56,128.12
07:57,127.29
07:58,126.89
07:59,126.93
08:00,127.02
08:01,127.38
08:02,127.77
08:03,127.63
08:04,127.13
08:05,126.67
08:06,125.84
08:07,125.22
08:08,125.53
08:09,126.34
08:10,127.05
08:11,128.36
08:12,129.42
08:13,129.92
08:14,129.92
08:15,129.91
08:16,129.43
08:17,129.01
08:18,128.76
08:19,128.69
08:20,128.81
08:21,129.32
08:22,129.96
08:23,130.14
08:24,129.68
08:25,129.39
08:26,128.49
08:27,127.41
08:28,126.51
08:29,125.89
08:30,125.23
08:31,125.18
08:32,125.04
08:33,124.57
08:34,124.46
08:35,124.33
08:36,123.66
08:37,123.25
08:38,123.52
08:39,124.04
08:40,124.45
08:41,124.95
08:42,125.65
08:43,126.24
08:44,126.63
08:45,126.73
08:46,126.95
08:47,126.64
08:48,126.36
08:49,126.53
08:50,126.59
08:51,126.35
08:52,126.72
08:53,127.04
08:54,126.74
08:55,127.07
08:56,127.61
08:57,128.18
08:58,128.91
08:59,129.61
09:00,130.51
09:01,131.33
09:02,131.78
09:03,132.1
09:04,132.82
09:05,133.32
09:06,133.92
09:07,134.09
09:08,134.27
09:09,133.94
09:10,133.76
09:11,133.6
09:12,133.56
09:13,133.45
09:14,133.18
09:15,132.2
09:16,131.58
09:17,130.94
09:18,130.06
09:19,129.73
09:20,129.96
09:21,130.05
09:22,130.53
09:23,131.03
09:24,131.0
09:25,131.04
09:26,130.82
09:27,130.31
09:28,130.36
09:29,130.89
09:30,131.11
09:31,131.91
09:32,132.54
09:33,133.0
09:34,133.29
09:35,133.5
09:36,133.53
09:37,133.83
09:38,134.01
09:39,134.42
09:40,134.62
09:41,134.22
09:42,133.47
09:43,132.17
09:44,131.25
09:45,130.23
09:46,129.46
09:47,128.95
09:48,129.05
09:49,128.84
09:50,129.12
09:51,129.29
09:52,129.46
09:53,129.61
09:54,129.47
09:55,129.53
09:56,129.85
09:57,130.35
09:58,130.89
09:59,131.73
10:00,132.13
10:01,132.04
10:02,131.88
10:03,131.4
10:04,130.55
10:05,129.88
10:06,129.9
10:07,129.82
10:08,129.98
10:09,130.68
10:10,131.21
10:11,132.03
10:12,132.9
10:13,133.16
10:14,133.16
10:15,133.19
10:16,132.89
10:17,132.65
10:18,132.82
10:19,132.49
10:20,132.04
10:21,131.1
10:22,129.95
10:23,129.09
10:24,129.02
10:25,129.11
10:26,129.1
10:27,129.34
10:28,129.7
10:29,129.46
10:30,129.11
10:31,129.09
10:32,128.77
10:33,128.34
10:34,128.07
10:35,127.96
10:36,127.63
10:37,127.42
10:38,127.25
10:39,127.03
10:40,127.15
10:41,127.37
10:42,127.73
10:43,128.11
10:44,128.18
10:45,127.39
10:46,126.39
10:47,125.74
10:48,124.79
10:49,124.92
10:50,125.32
10:51,126.1
10:52,126.87
10:53,128.2
10:54,129.26
10:55,130.66
10:56,132.12
10:57,133.19
10:58,133.86
10:59,133.81
11:00,133.26
11:01,132.52
11:02,131.65
11:03,130.57
11:04,129.91
11:05,129.74
11:06,129.62
11:07,129.91
11:08,130.0
11:09,129.86
11:10,129.32
11:11,128.35
11:12,127.1
11:13,126.21
11:14,125.84
11:15,125.83
11:16,126.03
11:17,126.69
11:18,127.61
11:19,128.21
11:20,128.54
11:21,128.84
11:22,128.57
11:23,128.29
11:24,128.35
11:25,128.85
11:26,129.41
11:27,129.72
11:28,129.77
11:29,128.92
11:30,127.84
11:31,126.95
11:32,126.32
11:33,125.31
11:34,124.97
11:35,124.45
11:36,123.73
11:37,122.48
11:38,121.74
11:39,121.39
11:40,121.61
11:41,121.99
11:42,122.88
11:43,123.81
11:44,123.96
11:45,123.76
11:46,123.87
11:47,124.43
11:48,124.79
11:49,125.3
11:50,125.47
11:51,125.24
11:52,124.67
11:53,124.27
11:54,124.19
11:55,124.14
11:56,124.67
11:57,125.15
11:58,125.48
11:59,125.37
12:00,124.88
12:01,124.29
12:02,124.01
12:03,123.7
12:04,123.63
12:05,124.3
12:06,124.31
12:07,124.0
12:08,124.01
12:09,123.69
12:10,123.35
12:11,123.11
12:12,123.14
12:13,122.97
12:14,122.74
12:15,122.74
12:16,122.91
12:17,122.74
12:18,122.66
12:19,123.27
12:20,123.29
12:21,123.51
12:22,124.02
12:23,124.6
12:24,124.89
12:25,125.32
12:26,125.49
12:27,125.56
12:28,125.19
12:29,124.1
12:30,123.33
12:31,123.06
12:32,122.22
12:33,121.48
12:34,121.7
12:35,122.3
12:36,122.63
12:37,123.34
12:38,124.18
12:39,125.13
12:40,125.32
12:41,125.3
12:42,125.34
12:43,125.19
12:44,124.76
12:45,124.93
12:46,125.37
12:47,125.83
12:48,126.41
12:49,126.52
12:50,126.44
12:51,126.27
12:52,126.15
12:53,126.9
12:54,128.05
12:55,128.68
12:56,129.17
12:57,129.95
12:58,129.89
12:59,129.42
13:00,129.41
13:01,129.35
13:02,129.48
13:03,129.85
13:04,130.43
13:05,131.04
13:06,131.79
13:07,132.21
13:08,132.46
13:09,132.58
13:10,132.23
13:11,132.16
13:12,131.81
13:13,131.28
13:14,130.78
13:15,130.6
13:16,130.7
13:17,130.62
13:18,130.66
13:19,131.29
13:20,131.73
13:21,131.74
13:22,131.76
13:23,131.88
13:24,131.6
13:25,131.62
13:26,131.83
13:27,132.92
13:28,133.95
13:29,135.01
13:30,135.77
13:31,136.08
13:32,135.82
13:33,135.37
13:34,134.93
13:35,134.82
13:36,134.57
13:37,134.54
13:38,134.93
13:39,135.21
13:40,134.62
13:41,134.2
13:42,133.86
13:43,133.23
13:44,132.45
13:45,132.16
13:46,132.26
13:47,132.18
13:48,132.05
13:49,132.1
13:50,132.18
13:51,131.82
13:52,131.78
13:53,131.72
13:54,132.07
13:55,132.87
13:56,134.07
13:57,134.65
13:58,135.37
13:59,135.71
14:00,135.44
14:01,135.03
14:02,134.49
14:03,134.21
14:04,133.85
14:05,133.82
14:06,133.79
14:07,134.0
14:08,134.05
14:09,134.11
14:10,134.33
14:11,134.15
14:12,134.08
14:13,134.37
14:14,134.51
14:15,134.26
14:16,134.51
14:17,134.75
14:18,134.59
14:19,134.82
14:20,135.37
14:21,136.01
14:22,136.66
14:23,137.11
14:24,137.57
14:25,138.3
14:26,138.66
14:27,138.66
14:28,139.0
14:29,139.12
14:30,138.23
14:31,137.68
14:32,137.31
14:33,136.69
14:34,136.25
14:35,136.45
14:36,136.6
14:37,136.78
14:38,137.09
14:39,137.24
14:40,137.52
14:41,137.76
14:42,137.86
14:43,138.1
14:44,138.26
14:45,138.43
14:46,138.53
14:47,139.32
14:48,139.71
14:49,140.12
14:50,140.3
14:51,140.31
14:52,140.07
14:53,139.52
14:54,138.88
14:55,138.05
14:56,137.62
14:57,137.49
14:58,137.75
14:59,138.22
15:00,138.94
15:01,139.66
15:02,139.67
15:03,139.78
15:04,140.18
15:05,140.67
15:06,140.88
15:07,141.57
15:08,141.48
15:09,141.34
15:10,140.95
15:11,140.12
15:12,139.27
15:13,139.53
15:14,139.58
15:15,140.04
15:16,141.32
15:17,142.68
15:18,143.99
15:19,145.41
15:20,146.48
15:21,146.67
15:22,146.47
15:23,145.69
15:24,145.36
15:25,145.02
15:26,145.16
15:27,145.49
15:28,146.03
15:29,146.41
15:30,146.66
15:31,146.92
15:32,146.85
15:33,146.47
15:34,145.58
15:35,144.93
15:36,144.21
15:37,143.59
15:38,143.03
15:39,142.68
15:40,142.01
15:41,141.72
15:42,141.66
15:43,141.62
15:44,141.54
15:45,141.67
15:46,141.7
15:47,142.05
15:48,142.28
15:49,142.61
15:50,143.07
15:51,143.58
15:52,143.79
15:53,144.26
15:54,144.6
15:55,144.76
15:56,145.03
15:57,145.24
15:58,146.09
15:59,146.95
16:00,147.75
16:01,147.85
16:02,147.51
16:03,146.36
16:04,145.42
16:05,144.89
16:06,144.42
16:07,144.68
16:08,145.19
16:09,145.65
16:10,146.35
16:11,147.6
16:12,148.46
16:13,149.15
16:14,149.22
16:15,148.73
16:16,148.02
16:17,147.23
16:18,146.72
16:19,146.83
16:20,147.06
16:21,147.18
16:22,147.59
16:23,148.12
16:24,148.32
16:25,148.93
16:26,149.62
16:27,150.23
16:28,150.86
16:29,151.77
16:30,152.49
16:31,153.25
16:32,153.8
16:33,154.22
16:34,154.27
16:35,154.13
16:36,153.94
16:37,153.89
16:38,153.74
16:39,153.43
16:40,153.02
16:41,152.69
16:42,152.5
16:43,152.12
16:44,152.58
16:45,152.93
16:46,153.48
16:47,154.05
16:48,154.68
16:49,155.39
16:50,155.96
16:51,156.48
16:52,157.11
16:53,157.68
16:54,158.12
16:55,158.77
16:56,159.21
16:57,159.44
16:58,159.8
16:59,159.99
17:00,160.44
17:01,160.36
17:02,160.56
17:03,160.38
17:04,160.29
17:05,160.31
17:06,160.5
17:07,160.27
17:08,160.22
17:09,159.88
17:10,159.23
17:11,159.13
17:12,159.48
17:13,160.43
17:14,161.22
17:15,161.97
17:16,162.05
17:17,161.62
17:18,161.14
17:19,161.26
17:20,161.14
17:21,161.31
17:22,161.67
17:23,161.85
17:24,161.43
17:25,161.47
17:26,161.56
17:27,161.66
17:28,161.83
17:29,162.2
17:30,162.34
17:31,162.57
17:32,162.77
17:33,162.75
17:34,162.68
17:35,163.14
17:36,163.73
17:37,164.23
17:38,164.96
17:39,165.61
17:40,166.11
17:41,166.53
17:42,166.97
17:43,167.32
17:44,167.35
17:45,166.83
17:46,165.98
17:47,165.3
17:48,165.02
17:49,165.73
17:50,166.82
17:51,168.23
17:52,169.05
17:53,169.23
17:54,168.67
17:55,167.88
17:56,167.02
17:57,166.59
17:58,165.87
17:59,165.62
18:00,165.31
18:01,165.14
18:02,165.64
18:03,166.38
18:04,166.25
18:05,166.34
18:06,166.66
18:07,166.95
18:08,167.14
18:09,168.09
18:10,168.92
18:11,169.39
18:12,170.0
18:13,170.51
18:14,170.92
18:15,171.54
18:16,172.41
18:17,172.59
18:18,173.22
18:19,173.65
18:20,174.0
18:21,173.98
18:22,174.11
18:23,174.08
18:24,174.25
18:25,174.35
18:26,174.82
18:27,175.09
18:28,175.0
18:29,175.15
18:30,175.08
18:31,174.6
18:32,174.04
18:33,174.33
18:34,173.76
18:35,174.26
18:36,175.15
18:37,176.16
18:38,176.73
18:39,177.85
18:40,178.22
18:41,178.47
18:42,178.78
18:43,179.12
18:44,179.31
18:45,179.33
18:46,179.16
18:47,179.16
18:48,179.29
18:49,178.75
18:50,178.48
18:51,178.33
18:52,177.92
18:53,177.3
18:54,177.76
18:55,178.24
18:56,178.43
18:57,178.7
18:58,178.81
18:59,178.27
19:00,177.4
19:01,177.02
19:02,176.8
19:03,176.96
19:04,177.62
19:05,178.48
19:06,178.88
19:07,179.09
19:08,179.34
19:09,179.57
19:10,179.92
19:11,180.0
19:12,180.0
19:13,180.0
19:14,180.0
19:15,180.0
19:16,180.0
19:17,180.0
19:18,179.51
19:19,178.52
19:20,177.66
19:21,176.83
19:22,175.78
19:23,175.05
19:24,174.41
19:25,173.81
19:26,173.49
19:27,173.89
19:28,173.78
19:29,173.48
19:30,173.2
19:31,172.53
19:32,171.88
19:33,171.63
19:34,171.5
19:35,171.06
19:36,171.03
19:37,170.47
19:38,170.0
19:39,169.69
19:40,170.22
19:41,170.19
19:42,169.7
19:43,169.27
19:44,169.24
19:45,169.16
19:46,169.45
19:47,170.31
19:48,171.22
19:49,171.33
19:50,171.23
19:51,171.18
19:52,171.5
19:53,172.25
19:54,173.24
19:55,173.86
19:56,174.26
19:57,173.9
19:58,172.7
19:59,171.4
20:00,170.2
20:01,169.14
20:02,168.4
20:03,168.15
20:04,168.0
20:05,167.97
20:06,167.79
20:07,167.85
20:08,167.81
20:09,167.53
20:10,167.09
20:11,166.67
20:12,165.9
20:13,164.77
20:14,163.83
20:15,163.33
20:16,163.0
20:17,163.06
20:18,163.5
20:19,163.96
20:20,164.22
20:21,164.34
20:22,164.45
20:23,164.16
20:24,163.31
20:25,162.39
20:26,161.91
20:27,161.62
20:28,161.72
20:29,162.69
20:30,163.59
20:31,164.07
20:32,164.1
20:33,163.79
20:34,163.33
20:35,163.16
20:36,162.9
20:37,162.69
20:38,162.55
20:39,162.4
20:40,161.58
20:41,160.28
20:42,159.07
20:43,157.65
20:44,156.07
20:45,154.95
20:46,154.37
20:47,154.31
20:48,154.62
20:49,155.08
20:50,155.65
20:51,155.96
20:52,156.11
20:53,156.11
20:54,156.16
20:55,155.75
20:56,155.25
20:57,154.7
20:58,154.28
20:59,153.48
21:00,152.76
21:01,152.74
21:02,152.18
21:03,151.95
21:04,151.7
21:05,151.81
21:06,151.49
21:07,151.61
21:08,151.13
21:09,150.83
21:10,150.37
21:11,149.73
21:12,149.16
21:13,148.6
21:14,148.05
21:15,147.25
21:16,146.1
21:17,144.8
21:18,144.31
21:19,144.08
21:20,144.06
21:21,144.58
21:22,145.06
21:23,144.98
21:24,144.39
21:25,144.09
21:26,144.03
21:27,144.1
21:28,144.09
21:29,144.34
21:30,144.41
21:31,144.41
21:32,144.1
21:33,143.53
21:34,142.99
21:35,142.68
21:36,141.91
21:37,140.9
21:38,140.13
21:39,139.39
21:40,138.33
21:41,137.71
21:42,137.42
21:43,137.44
21:44,137.01
21:45,136.33
21:46,135.59
21:47,134.53
21:48,133.13
21:49,132.63
21:50,132.35
21:51,132.14
21:52,132.01
21:53,131.75
21:54,130.98
21:55,130.16
21:56,129.65
21:57,129.6
21:58,129.4
21:59,129.34
22:00,129.45
22:01,129.48
22:02,129.73
22:03,129.95
22:04,129.84
22:05,129.29
22:06,128.42
22:07,127.33
22:08,126.81
22:09,126.49
22:10,126.41
22:11,126.4
22:12,126.04
22:13,125.95
22:14,125.46
22:15,125.11
22:16,125.22
22:17,125.5
22:18,125.15
22:19,125.12
22:20,124.96
22:21,124.63
22:22,123.74
22:23,123.34
22:24,122.68
22:25,122.03
22:26,120.97
22:27,120.68
22:28,119.6
22:29,119.07
22:30,119.12
22:31,118.9
22:32,118.58
22:33,118.48
22:34,118.35
22:35,117.7
22:36,117.27
22:37,116.92
22:38,117.18
22:39,117.22
22:40,117.41
22:41,117.38
22:42,116.96
22:43,116.22
22:44,115.94
22:45,115.56
22:46,115.43
22:47,115.51
22:48,115.13
22:49,114.53
22:50,114.09
22:51,113.64
22:52,113.08
22:53,112.93
22:54,112.51
22:55,111.87
22:56,111.9
22:57,111.96
22:58,111.83
22:59,111.64
23:00,111.65
23:01,111.07
23:02,110.43
23:03,110.24
23:04,110.56
23:05,110.5
23:06,110.01
23:07,109.96
23:08,109.39
23:09,108.71
23:10,107.75
23:11,107.54
23:12,106.78
23:13,106.43
23:14,105.9
23:15,105.65
23:16,105.08
23:17,105.02
23:18,104.79
23:19,104.69
23:20,105.31
23:21,105.56
23:22,106.0
23:23,106.36
23:24,106.3
23:25,105.41
23:26,104.93
23:27,104.3
23:28,103.65
23:29,103.64
23:30,103.58
23:31,103.55
23:32,102.96
23:33,102.54
23:34,101.97
23:35,101.7
23:36,100.79
23:37,100.31
23:38,99.87
23:39,99.34
23:40,99.24
23:41,99.51
23:42,99.85
23:43,100.33
23:44,100.19
23:45,99.82
23:46,99.6
23:47,99.2
23:48,98.6
23:49,98.36
23:50,97.89
23:51,97.59
23:52,97.06
23:53,96.22
23:54,95.75
23:55,95.2
23:56,94.85
23:57,94.92
23:58,95.21
23:59,95.27
