Time,solar_kw
00:00,0.0
00:01,0.0
00:02,0.0
00:03,0.0
00:04,0.0
00:05,0.0
00:06,0.0
00:07,0.0
00:08,0.0
00:09,0.0
00:10,0.0
00:11,0.0
00:12,0.0
00:13,0.0
00:14,0.0
00:15,0.0
00:16,0.0
00:17,0.0
00:18,0.0
00:19,0.0
00:20,0.0
00:21,0.0
00:22,0.0
00:23,0.0
00:24,0.0
00:25,0.0
00:26,0.0
00:27,0.0
00:28,0.0
00:29,0.0
00:30,0.0
00:31,0.0
00:32,0.0
00:33,0.0
00:34,0.0
00:35,0.0
00:36,0.0
00:37,0.0
00:38,0.0
00:39,0.0
00:40,0.0
00:41,0.0
00:42,0.0
00:43,0.0
00:44,0.0
00:45,0.0
00:46,0.0
00:47,0.0
00:48,0.0
00:49,0.0
00:50,0.0
00:51,0.0
00:52,0.0
00:53,0.0
00:54,0.0
00:55,0.0
00:56,0.0
00:57,0.0
00:58,0.0
00:59,0.0
01:00,0.0
01:01,0.0
01:02,0.0
01:03,0.0
01:04,0.0
01:05,0.0
01:06,0.0
01:07,0.0
01:08,0.0
01:09,0.0
01:10,0.0
01:11,0.0
01:12,0.0
01:13,0.0
01:14,0.0
01:15,0.0
01:16,0.0
01:17,0.0
01:18,0.0
01:19,0.0
01:20,0.0
01:21,0.0
01:22,0.0
01:23,0.0
01:24,0.0
01:25,0.0
01:26,0.0
01:27,0.0
01:28,0.0
01:29,0.0
01:30,0.0
01:31,0.0
01:32,0.0
01:33,0.0
01:34,0.0
01:35,0.0
01:36,0.0
01:37,0.0
01:38,0.0
01:39,0.0
01:40,0.0
01:41,0.0
01:42,0.0
01:43,0.0
01:44,0.0
01:45,0.0
01:46,0.0
01:47,0.0
01:48,0.0
01:49,0.0
01:50,0.0
01:51,0.0
01:52,0.0
01:53,0.0
01:54,0.0
01:55,0.0
01:56,0.0
01:57,0.0
01:58,0.0
01:59,0.0
02:00,0.0
02:01,0.0
02:02,0.0
02:03,0.0
02:04,0.0
02:05,0.0
02:06,0.0
02:07,0.0
02:08,0.0
02:09,0.0
02:10,0.0
02:11,0.0
02:12,0.0
02:13,0.0
02:14,0.0
02:15,0.0
02:16,0.0
02:17,0.0
02:18,0.0
02:19,0.0
02:20,0.0
02:21,0.0
02:22,0.0
02:23,0.0
02:24,0.0
02:25,0.0
02:26,0.0
02:27,0.0
02:28,0.0
02:29,0.0
02:30,0.0
02:31,0.0
02:32,0.0
02:33,0.0
02:34,0.0
02:35,0.0
02:36,0.0
02:37,0.0
02:38,0.0
02:39,0.0
02:40,0.0
02:41,0.0
02:42,0.0
02:43,0.0
02:44,0.0
02:45,0.0
02:46,0.0
02:47,0.0
02:48,0.0
02:49,0.0
02:50,0.0
02:51,0.0
02:52,0.0
02:53,0.0
02:54,0.0
02:55,0.0
02:56,0.0
02:57,0.0
02:58,0.0
02:59,0.0
03:00,0.0
03:01,0.0
03:02,0.0
03:03,0.0
03:04,0.0
03:05,0.0
03:06,0.0
03:07,0.0
03:08,0.0
03:09,0.0
03:10,0.0
03:11,0.0
03:12,0.0
03:13,0.0
03:14,0.0
03:15,0.0
03:16,0.0
03:17,0.0
03:18,0.0
03:19,0.0
03:20,0.0
03:21,0.0
03:22,0.0
03:23,0.0
03:24,0.0
03:25,0.0
03:26,0.0
03:27,0.0
03:28,0.0
03:29,0.0
03:30,0.0
03:31,0.0
03:32,0.0
03:33,0.0
03:34,0.0
03:35,0.0
03:36,0.0
03:37,0.0
03:38,0.0
03:39,0.0
03:40,0.0
03:41,0.0
03:42,0.0
03:43,0.0
03:44,0.0
03:45,0.0
03:46,0.0
03:47,0.0
03:48,0.0
03:49,0.0
03:50,0.0
03:51,0.0
03:52,0.0
03:53,0.0
03:54,0.0
03:55,0.0
03:56,0.0
03:57,0.0
03:58,0.0
03:59,0.0
04:00,0.0
04:01,0.0
04:02,0.0
04:03,0.0
04:04,0.0
04:05,0.0
04:06,0.0
04:07,0.0
04:08,0.0
04:09,0.0
04:10,0.0
04:11,0.0
04:12,0.0
04:13,0.0
04:14,0.0
04:15,0.0
04:16,0.0
04:17,0.0
04:18,0.0
04:19,0.0
04:20,0.0
04:21,0.0
04:22,0.0
04:23,0.0
04:24,0.0
04:25,0.0
04:26,0.0
04:27,0.0
04:28,0.0
04:29,0.0
04:30,0.0
04:31,0.0
04:32,0.0
04:33,0.0
04:34,0.0
04:35,0.0
04:36,0.0
04:37,0.0
04:38,0.0
04:39,0.0
04:40,0.0
04:41,0.0
04:42,0.0
04:43,0.0
04:44,0.0
04:45,0.0
04:46,0.0
04:47,0.0
04:48,0.0
04:49,0.0
04:50,0.0
04:51,0.0
04:52,0.0
04:53,0.0
04:54,0.0
04:55,0.0
04:56,0.0
04:57,0.0
04:58,0.0
04:59,0.0
05:00,0.0
05:01,0.0
05:02,0.0
05:03,0.0
05:04,0.0
05:05,0.0
05:06,0.0
05:07,0.0
05:08,0.0
05:09,0.0
05:10,0.0
05:11,0.0
05:12,0.0
05:13,0.0
05:14,0.0
05:15,0.0
05:16,0.0
05:17,0.0
05:18,0.0
05:19,0.0
05:20,0.0
05:21,0.0
05:22,0.0
05:23,0.0
05:24,0.0
05:25,0.0
05:26,0.0
05:27,0.0
05:28,0.0
05:29,0.0
05:30,0.0
05:31,0.22
05:32,0.51
05:33,0.82
05:34,1.16
05:35,1.52
05:36,1.89
05:37,2.27
05:38,2.67
05:39,3.07
05:40,3.49
05:41,3.91
05:42,4.34
05:43,4.77
05:44,5.22
05:45,5.66
05:46,6.11
05:47,6.57
05:48,7.03
05:49,7.5
05:50,7.97
05:51,8.44
05:52,8.91
05:53,9.38
05:54,9.86
05:55,10.33
05:56,10.81
05:57,11.29
05:58,11.76
05:59,12.24
06:00,12.72
06:01,13.2
06:02,13.68
06:03,14.17
06:04,14.65
06:05,15.13
06:06,15.61
06:07,16.09
06:08,16.57
06:09,17.05
06:10,17.54
06:11,18.02
06:12,18.5
06:13,19.01
06:14,19.52
06:15,20.04
06:16,20.55
06:17,21.06
06:18,21.56
06:19,22.07
06:20,22.59
06:21,23.1
06:22,23.63
06:23,24.16
06:24,24.7
06:25,25.24
06:26,25.79
06:27,26.33
06:28,26.89
06:29,27.44
06:30,28.0
06:31,28.57
06:32,29.13
06:33,29.7
06:34,30.25
06:35,30.82
06:36,31.38
06:37,31.96
06:38,32.54
06:39,33.12
06:40,33.68
06:41,34.25
06:42,34.83
06:43,35.4
06:44,35.98
06:45,36.55
06:46,37.14
06:47,37.72
06:48,38.31
06:49,38.9
06:50,39.48
06:51,40.06
06:52,40.63
06:53,41.2
06:54,41.77
06:55,42.33
06:56,42.88
06:57,43.42
06:58,43.95
06:59,44.46
07:00,45.0
07:01,45.55
07:02,46.1
07:03,46.66
07:04,47.21
07:05,47.76
07:06,48.32
07:07,48.87
07:08,49.43
07:09,49.99
07:10,50.56
07:11,51.14
07:12,51.7
07:13,52.27
07:14,52.85
07:15,53.43
07:16,54.0
07:17,54.58
07:18,55.14
07:19,55.72
07:20,56.33
07:21,56.94
07:22,57.54
07:23,58.14
07:24,58.74
07:25,59.32
07:26,59.92
07:27,60.51
07:28,61.11
07:29,61.71
07:30,62.33
07:31,62.94
07:32,63.52
07:33,64.11
07:34,64.68
07:35,65.25
07:36,65.87
07:37,66.46
07:38,67.06
07:39,67.62
07:40,68.2
07:41,68.76
07:42,69.3
07:43,69.87
07:44,70.42
07:45,70.96
07:46,71.5
07:47,72.04
07:48,72.56
07:49,73.1
07:50,73.63
07:51,74.14
07:52,74.68
07:53,75.21
07:54,75.75
07:55,76.27
07:56,76.83
07:57,77.41
07:58,77.99
07:59,78.57
08:00,79.18
08:01,79.77
08:02,80.4
08:03,81.04
08:04,81.65
08:05,82.27
08:06,82.87
08:07,83.45
08:08,84.05
08:09,84.66
08:10,85.28
08:11,85.89
08:12,86.54
08:13,87.21
08:14,87.91
08:15,88.62
08:16,89.31
08:17,89.98
08:18,90.67
08:19,91.36
08:20,92.05
08:21,92.76
08:22,93.44
08:23,94.1
08:24,94.75
08:25,95.38
08:26,96.04
08:27,96.7
08:28,97.31
08:29,97.94
08:30,98.55
08:31,99.15
08:32,99.73
08:33,100.27
08:34,100.8
08:35,101.35
08:36,101.92
08:37,102.53
08:38,103.16
08:39,103.76
08:40,104.33
08:41,104.89
08:42,105.47
08:43,106.02
08:44,106.65
08:45,107.24
08:46,107.84
08:47,108.48
08:48,109.15
08:49,109.8
08:50,110.47
08:51,111.12
08:52,111.74
08:53,112.36
08:54,113.0
08:55,113.71
08:56,114.4
08:57,115.08
08:58,115.73
08:59,116.39
09:00,117.07
09:01,117.74
09:02,118.41
09:03,119.05
09:04,119.72
09:05,120.39
09:06,121.05
09:07,121.71
09:08,122.32
09:09,122.96
09:10,123.65
09:11,124.31
09:12,124.96
09:13,125.58
09:14,126.21
09:15,126.74
09:16,127.25
09:17,127.74
09:18,128.23
09:19,128.67
09:20,129.12
09:21,129.53
09:22,129.94
09:23,130.39
09:24,130.87
09:25,131.31
09:26,131.72
09:27,132.21
09:28,132.72
09:29,133.22
09:30,133.72
09:31,134.23
09:32,134.71
09:33,135.23
09:34,135.78
09:35,136.29
09:36,136.82
09:37,137.26
09:38,137.67
09:39,138.09
09:40,138.43
09:41,138.79
09:42,139.15
09:43,139.5
09:44,139.87
09:45,140.25
09:46,140.61
09:47,141.0
09:48,141.38
09:49,141.7
09:50,142.07
09:51,142.44
09:52,142.81
09:53,143.2
09:54,143.53
09:55,143.85
09:56,144.21
09:57,144.59
09:58,144.88
09:59,145.2
10:00,145.5
10:01,145.81
10:02,146.09
10:03,146.4
10:04,146.68
10:05,146.93
10:06,147.19
10:07,147.43
10:08,147.78
10:09,148.16
10:10,148.53
10:11,148.95
10:12,149.34
10:13,149.78
10:14,150.25
10:15,150.69
10:16,151.08
10:17,151.52
10:18,151.95
10:19,152.37
10:20,152.82
10:21,153.3
10:22,153.74
10:23,154.22
10:24,154.69
10:25,155.16
10:26,155.66
10:27,156.16
10:28,156.63
10:29,157.18
10:30,157.66
10:31,158.22
10:32,158.77
10:33,159.31
10:34,159.84
10:35,160.38
10:36,160.95
10:37,161.51
10:38,162.14
10:39,162.72
10:40,163.25
10:41,163.83
10:42,164.41
10:43,164.99
10:44,165.57
10:45,166.13
10:46,166.68
10:47,167.25
10:48,167.78
10:49,168.32
10:50,168.85
10:51,169.35
10:52,169.8
10:53,170.28
10:54,170.72
10:55,171.15
10:56,171.58
10:57,171.99
10:58,172.36
10:59,172.68
11:00,172.97
11:01,173.22
11:02,173.39
11:03,173.56
11:04,173.7
11:05,173.86
11:06,174.05
11:07,174.25
11:08,174.46
11:09,174.61
11:10,174.75
11:11,174.93
11:12,175.06
11:13,175.17
11:14,175.24
11:15,175.3
11:16,175.4
11:17,175.52
11:18,175.65
11:19,175.82
11:20,175.94
11:21,176.08
11:22,176.23
11:23,176.4
11:24,176.52
11:25,176.66
11:26,176.84
11:27,177.05
11:28,177.28
11:29,177.59
11:30,177.89
11:31,178.21
11:32,178.57
11:33,179.04
11:34,179.51
11:35,179.95
11:36,180.37
11:37,180.67
11:38,180.92
11:39,181.16
11:40,181.39
11:41,181.67
11:42,182.0
11:43,182.36
11:44,182.7
11:45,183.03
11:46,183.36
11:47,183.59
11:48,183.88
11:49,184.2
11:50,184.47
11:51,184.7
11:52,184.97
11:53,185.22
11:54,185.51
11:55,185.77
11:56,186.01
11:57,186.23
11:58,186.4
11:59,186.53
12:00,186.6
12:01,186.66
12:02,186.69
12:03,186.71
12:04,186.67
12:05,186.68
12:06,186.68
12:07,186.64
12:08,186.71
12:09,186.8
12:10,186.89
12:11,187.02
12:12,187.14
12:13,187.24
12:14,187.3
12:15,187.45
12:16,187.68
12:17,187.88
12:18,188.15
12:19,188.37
12:20,188.61
12:21,188.82
12:22,189.11
12:23,189.38
12:24,189.6
12:25,189.74
12:26,189.86
12:27,189.99
12:28,190.0
12:29,190.0
12:30,190.0
12:31,190.0
12:32,190.0
12:33,190.0
12:34,190.0
12:35,190.0
12:36,190.0
12:37,190.0
12:38,190.0
12:39,190.0
12:40,190.0
12:41,190.0
12:42,190.0
12:43,190.0
12:44,190.0
12:45,190.0
12:46,190.0
12:47,190.0
12:48,190.0
12:49,190.0
12:50,190.0
12:51,190.0
12:52,189.93
12:53,189.52
12:54,189.04
12:55,188.68
12:56,188.35
12:57,188.06
12:58,187.78
12:59,187.48
13:00,187.11
13:01,186.77
13:02,186.39
13:03,186.03
13:04,185.71
13:05,185.37
13:06,184.95
13:07,184.48
13:08,184.12
13:09,183.81
13:10,183.53
13:11,183.24
13:12,182.95
13:13,182.78
13:14,182.66
13:15,182.56
13:16,182.44
13:17,182.23
13:18,182.05
13:19,181.84
13:20,181.59
13:21,181.34
13:22,181.06
13:23,180.87
13:24,180.71
13:25,180.59
13:26,180.45
13:27,180.31
13:28,180.16
13:29,180.05
13:30,179.95
13:31,179.83
13:32,179.68
13:33,179.47
13:34,179.24
13:35,179.05
13:36,178.92
13:37,178.82
13:38,178.78
13:39,178.67
13:40,178.5
13:41,178.31
13:42,178.07
13:43,177.82
13:44,177.46
13:45,177.06
13:46,176.66
13:47,176.29
13:48,175.93
13:49,175.54
13:50,175.2
13:51,174.91
13:52,174.61
13:53,174.35
13:54,174.05
13:55,173.67
13:56,173.31
13:57,172.88
13:58,172.46
13:59,172.05
14:00,171.53
14:01,170.95
14:02,170.39
14:03,169.85
14:04,169.31
14:05,168.82
14:06,168.25
14:07,167.63
14:08,167.01
14:09,166.35
14:10,165.71
14:11,165.06
14:12,164.41
14:13,163.82
14:14,163.2
14:15,162.63
14:16,162.03
14:17,161.43
14:18,160.88
14:19,160.29
14:20,159.69
14:21,159.08
14:22,158.45
14:23,157.86
14:24,157.24
14:25,156.61
14:26,156.02
14:27,155.44
14:28,154.89
14:29,154.33
14:30,153.78
14:31,153.26
14:32,152.78
14:33,152.3
14:34,151.81
14:35,151.34
14:36,150.91
14:37,150.55
14:38,150.18
14:39,149.88
14:40,149.58
14:41,149.22
14:42,148.85
14:43,148.44
14:44,147.99
14:45,147.56
14:46,147.15
14:47,146.77
14:48,146.37
14:49,145.95
14:50,145.54
14:51,145.15
14:52,144.77
14:53,144.35
14:54,143.95
14:55,143.57
14:56,143.17
14:57,142.8
14:58,142.45
14:59,142.09
15:00,141.74
15:01,141.37
15:02,141.0
15:03,140.66
15:04,140.28
15:05,139.91
15:06,139.52
15:07,139.09
15:08,138.64
15:09,138.22
15:10,137.76
15:11,137.3
15:12,136.86
15:13,136.44
15:14,136.07
15:15,135.73
15:16,135.36
15:17,134.97
15:18,134.6
15:19,134.24
15:20,133.91
15:21,133.61
15:22,133.27
15:23,132.87
15:24,132.53
15:25,132.18
15:26,131.82
15:27,131.48
15:28,131.08
15:29,130.69
15:30,130.3
15:31,129.9
15:32,129.53
15:33,129.18
15:34,128.82
15:35,128.46
15:36,128.1
15:37,127.8
15:38,127.51
15:39,127.24
15:40,126.94
15:41,126.63
15:42,126.31
15:43,126.02
15:44,125.75
15:45,125.44
15:46,125.14
15:47,124.85
15:48,124.53
15:49,124.16
15:50,123.74
15:51,123.29
15:52,122.86
15:53,122.42
15:54,121.99
15:55,121.52
15:56,121.07
15:57,120.62
15:58,120.12
15:59,119.64
16:00,119.1
16:01,118.5
16:02,117.9
16:03,117.27
16:04,116.65
16:05,116.06
16:06,115.51
16:07,114.95
16:08,114.32
16:09,113.71
16:10,113.08
16:11,112.45
16:12,111.84
16:13,111.24
16:14,110.63
16:15,109.99
16:16,109.37
16:17,108.72
16:18,108.06
16:19,107.4
16:20,106.76
16:21,106.14
16:22,105.54
16:23,104.88
16:24,104.27
16:25,103.71
16:26,103.11
16:27,102.47
16:28,101.83
16:29,101.19
16:30,100.55
16:31,99.88
16:32,99.3
16:33,98.73
16:34,98.19
16:35,97.65
16:36,97.06
16:37,96.43
16:38,95.82
16:39,95.2
16:40,94.56
16:41,93.9
16:42,93.25
16:43,92.6
16:44,91.96
16:45,91.31
16:46,90.69
16:47,90.06
16:48,89.45
16:49,88.85
16:50,88.26
16:51,87.67
16:52,87.06
16:53,86.44
16:54,85.87
16:55,85.26
16:56,84.65
16:57,84.07
16:58,83.46
16:59,82.84
17:00,82.25
17:01,81.65
17:02,81.09
17:03,80.47
17:04,79.87
17:05,79.25
17:06,78.62
17:07,77.99
17:08,77.38
17:09,76.76
17:10,76.18
17:11,75.58
17:12,74.99
17:13,74.4
17:14,73.8
17:15,73.19
17:16,72.57
17:17,71.92
17:18,71.29
17:19,70.65
17:20,70.0
17:21,69.36
17:22,68.72
17:23,68.09
17:24,67.44
17:25,66.79
17:26,66.14
17:27,65.49
17:28,64.82
17:29,64.18
17:30,63.56
17:31,62.95
17:32,62.35
17:33,61.76
17:34,61.2
17:35,60.6
17:36,59.99
17:37,59.37
17:38,58.76
17:39,58.14
17:40,57.53
17:41,56.9
17:42,56.26
17:43,55.62
17:44,54.97
17:45,54.31
17:46,53.63
17:47,52.97
17:48,52.33
17:49,51.67
17:50,51.05
17:51,50.42
17:52,49.81
17:53,49.18
17:54,48.56
17:55,47.95
17:56,47.33
17:57,46.75
17:58,46.17
17:59,45.61
18:00,45.04
18:01,44.46
18:02,43.89
18:03,43.32
18:04,42.74
18:05,42.16
18:06,41.59
18:07,41.04
18:08,40.5
18:09,39.97
18:10,39.41
18:11,38.86
18:12,38.31
18:13,37.76
18:14,37.22
18:15,36.69
18:16,36.16
18:17,35.63
18:18,35.12
18:19,34.6
18:20,34.1
18:21,33.58
18:22,33.07
18:23,32.55
18:24,32.02
18:25,31.49
18:26,30.97
18:27,30.45
18:28,29.9
18:29,29.35
18:30,28.8
18:31,28.26
18:32,27.72
18:33,27.17
18:34,26.62
18:35,26.07
18:36,25.52
18:37,24.97
18:38,24.42
18:39,23.86
18:40,23.31
18:41,22.76
18:42,22.21
18:43,21.67
18:44,21.13
18:45,20.59
18:46,20.04
18:47,19.51
18:48,18.98
18:49,18.47
18:50,17.95
18:51,17.42
18:52,16.9
18:53,16.38
18:54,15.87
18:55,15.35
18:56,14.85
18:57,14.34
18:58,13.84
18:59,13.34
19:00,12.85
19:01,12.36
19:02,11.87
19:03,11.37
19:04,10.88
19:05,10.39
19:06,9.9
19:07,9.42
19:08,8.93
19:09,8.45
19:10,7.98
19:11,7.5
19:12,7.04
19:13,6.58
19:14,6.12
19:15,5.66
19:16,5.22
19:17,4.77
19:18,4.34
19:19,3.91
19:20,3.49
19:21,3.07
19:22,2.67
19:23,2.27
19:24,1.89
19:25,1.52
19:26,1.16
19:27,0.82
19:28,0.51
19:29,0.22
19:30,0.0
19:31,0.0
19:32,0.0
19:33,0.0
19:34,0.0
19:35,0.0
19:36,0.0
19:37,0.0
19:38,0.0
19:39,0.0
19:40,0.0
19:41,0.0
19:42,0.0
19:43,0.0
19:44,0.0
19:45,0.0
19:46,0.0
19:47,0.0
19:48,0.0
19:49,0.0
19:50,0.0
19:51,0.0
19:52,0.0
19:53,0.0
19:54,0.0
19:55,0.0
19:56,0.0
19:57,0.0
19:58,0.0
19:59,0.0
20:00,0.0
20:01,0.0
20:02,0.0
20:03,0.0
20:04,0.0
20:05,0.0
20:06,0.0
20:07,0.0
20:08,0.0
20:09,0.0
20:10,0.0
20:11,0.0
20:12,0.0
20:13,0.0
20:14,0.0
20:15,0.0
20:16,0.0
20:17,0.0
20:18,0.0
20:19,0.0
20:20,0.0
20:21,0.0
20:22,0.0
20:23,0.0
20:24,0.0
20:25,0.0
20:26,0.0
20:27,0.0
20:28,0.0
20:29,0.0
20:30,0.0
20:31,0.0
20:32,0.0
20:33,0.0
20:34,0.0
20:35,0.0
20:36,0.0
20:37,0.0
20:38,0.0
20:39,0.0
20:40,0.0
20:41,0.0
20:42,0.0
20:43,0.0
20:44,0.0
20:45,0.0
20:46,0.0
20:47,0.0
20:48,0.0
20:49,0.0
20:50,0.0
20:51,0.0
20:52,0.0
20:53,0.0
20:54,0.0
20:55,0.0
20:56,0.0
20:57,0.0
20:58,0.0
20:59,0.0
21:00,0.0
21:01,0.0
21:02,0.0
21:03,0.0
21:04,0.0
21:05,0.0
21:06,0.0
21:07,0.0
21:08,0.0
21:09,0.0
21:10,0.0
21:11,0.0
21:12,0.0
21:13,0.0
21:14,0.0
21:15,0.0
21:16,0.0
21:17,0.0
21:18,0.0
21:19,0.0
21:20,0.0
21:21,0.0
21:22,0.0
21:23,0.0
21:24,0.0
21:25,0.0
21:26,0.0
21:27,0.0
21:28,0.0
21:29,0.0
21:30,0.0
21:31,0.0
21:32,0.0
21:33,0.0
21:34,0.0
21:35,0.0
21:36,0.0
21:37,0.0
21:38,0.0
21:39,0.0
21:40,0.0
21:41,0.0
21:42,0.0
21:43,0.0
21:44,0.0
21:45,0.0
21:46,0.0
21:47,0.0
21:48,0.0
21:49,0.0
21:50,0.0
21:51,0.0
21:52,0.0
21:53,0.0
21:54,0.0
21:55,0.0
21:56,0.0
21:57,0.0
21:58,0.0
21:59,0.0
22:00,0.0
22:01,0.0
22:02,0.0
22:03,0.0
22:04,0.0
22:05,0.0
22:06,0.0
22:07,0.0
22:08,0.0
22:09,0.0
22:10,0.0
22:11,0.0
22:12,0.0
22:13,0.0
22:14,0.0
22:15,0.0
22:16,0.0
22:17,0.0
22:18,0.0
22:19,0.0
22:20,0.0
22:21,0.0
22:22,0.0
22:23,0.0
22:24,0.0
22:25,0.0
22:26,0.0
22:27,0.0
22:28,0.0
22:29,0.0
22:30,0.0
22:31,0.0
22:32,0.0
22:33,0.0
22:34,0.0
22:35,0.0
22:36,0.0
22:37,0.0
22:38,0.0
22:39,0.0
22:40,0.0
22:41,0.0
22:42,0.0
22:43,0.0
22:44,0.0
22:45,0.0
22:46,0.0
22:47,0.0
22:48,0.0
22:49,0.0
22:50,0.0
22:51,0.0
22:52,0.0
22:53,0.0
22:54,0.0
22:55,0.0
22:56,0.0
22:57,0.0
22:58,0.0
22:59,0.0
23:00,0.0
23:01,0.0
23:02,0.0
23:03,0.0
23:04,0.0
23:05,0.0
23:06,0.0
23:07,0.0
23:08,0.0
23:09,0.0
23:10,0.0
23:11,0.0
23:12,0.0
23:13,0.0
23:14,0.0
23:15,0.0
23:16,0.0
23:17,0.0
23:18,0.0
23:19,0.0
23:20,0.0
23:21,0.0
23:22,0.0
23:23,0.0
23:24,0.0
23:25,0.0
23:26,0.0
23:27,0.0
23:28,0.0
23:29,0.0
23:30,0.0
23:31,0.0
23:32,0.0
23:33,0.0
23:34,0.0
23:35,0.0
23:36,0.0
23:37,0.0
23:38,0.0
23:39,0.0
23:40,0.0
23:41,0.0
23:42,0.0
23:43,0.0
23:44,0.0
23:45,0.0
23:46,0.0
23:47,0.0
23:48,0.0
23:49,0.0
23:50,0.0
23:51,0.0
23:52,0.0
23:53,0.0
23:54,0.0
23:55,0.0
23:56,0.0
23:57,0.0
23:58,0.0
23:59,0.0
